{
  "1": {
    "1": {
      "1": {
        "x": 0.232457351945704,
        "y": 0.201534694719621,
        "F": [
          1.1,
          3.92962375228084e-37,
          5.20417042793042e-18,
          0.95367241490114,
          0.953252809755589
        ]
      },
      "2": {
        "x": 0.867542648054297,
        "y": 0.201534694719621,
        "F": [
          1.1,
          1.0529395109818e-37,
          5.20417042793042e-18,
          0.95367241490114,
          0.953252809755589
        ]
      },
      "3": {
        "x": 0.232457351945704,
        "y": 0.752137720181519,
        "F": [
          1.1,
          3.92962375228084e-37,
          -1.38777878078145e-17,
          0.95367241490114,
          0.953252809755589
        ]
      },
      "4": {
        "x": 0.867542648054297,
        "y": 0.752137720181519,
        "F": [
          1.1,
          1.0529395109818e-37,
          -1.38777878078145e-17,
          0.95367241490114,
          0.953252809755589
        ]
      }
    }
  },
  "2": {
    "1": {
      "1": {
        "x": 0.253589838486222,
        "y": 0.192977096989324,
        "F": [
          1.2,
          4.87601162572873e-36,
          3.46944695195361e-18,
          0.913177427650639,
          0.91256453357293
        ]
      },
      "2": {
        "x": 0.946410161513778,
        "y": 0.192977096989324,
        "F": [
          1.2,
          1.30652337739876e-36,
          3.46944695195361e-18,
          0.913177427650639,
          0.91256453357293
        ]
      },
      "3": {
        "x": 0.253589838486222,
        "y": 0.720200330661315,
        "F": [
          1.2,
          4.87601162572873e-36,
          -1.38777878078145e-17,
          0.913177427650639,
          0.91256453357293
        ]
      },
      "4": {
        "x": 0.946410161513778,
        "y": 0.720200330661315,
        "F": [
          1.2,
          1.30652337739876e-36,
          -1.38777878078145e-17,
          0.913177427650639,
          0.91256453357293
        ]
      }
    }
  },
  "3": {
    "1": {
      "1": {
        "x": 0.274722325026741,
        "y": 0.185425886959045,
        "F": [
          1.3,
          5.30470900295173e-36,
          6.93889390390723e-18,
          0.877444718128731,
          0.876671490907435
        ]
      },
      "2": {
        "x": 1.02527767497326,
        "y": 0.185425886959045,
        "F": [
          1.3,
          1.421392493423e-36,
          6.93889390390723e-18,
          0.877444718128731,
          0.876671490907435
        ]
      },
      "3": {
        "x": 0.274722325026741,
        "y": 0.692018831169687,
        "F": [
          1.3,
          5.30470900295173e-36,
          -1.38777878078145e-17,
          0.877444718128731,
          0.876671490907435
        ]
      },
      "4": {
        "x": 1.02527767497326,
        "y": 0.692018831169687,
        "F": [
          1.3,
          1.421392493423e-36,
          -1.38777878078145e-17,
          0.877444718128731,
          0.876671490907435
        ]
      }
    }
  },
  "4": {
    "1": {
      "1": {
        "x": 0.295854811567259,
        "y": 0.178697756190674,
        "F": [
          1.4,
          5.37583811686849e-36,
          6.93889390390723e-18,
          0.845606861492832,
          0.844701890219666
        ]
      },
      "2": {
        "x": 1.10414518843274,
        "y": 0.178697756190674,
        "F": [
          1.4,
          1.44045148205534e-36,
          6.93889390390723e-18,
          0.845606861492832,
          0.844701890219666
        ]
      },
      "3": {
        "x": 0.295854811567259,
        "y": 0.666909105302158,
        "F": [
          1.4,
          5.37583811686849e-36,
          0.0,
          0.845606861492832,
          0.844701890219666
        ]
      },
      "4": {
        "x": 1.10414518843274,
        "y": 0.666909105302158,
        "F": [
          1.4,
          1.44045148205534e-36,
          0.0,
          0.845606861492832,
          0.844701890219666
        ]
      }
    }
  },
  "5": {
    "1": {
      "1": {
        "x": 0.316987298107778,
        "y": 0.172653224934676,
        "F": [
          1.5,
          5.29478766676516e-36,
          6.93889390390723e-18,
          0.817003832481511,
          0.81598964431021
        ]
      },
      "2": {
        "x": 1.18301270189222,
        "y": 0.172653224934676,
        "F": [
          1.5,
          1.41873407940398e-36,
          6.93889390390723e-18,
          0.817003832481511,
          0.81598964431021
        ]
      },
      "3": {
        "x": 0.316987298107778,
        "y": 0.644350607546835,
        "F": [
          1.5,
          5.29478766676516e-36,
          0.0,
          0.817003832481511,
          0.81598964431021
        ]
      },
      "4": {
        "x": 1.18301270189222,
        "y": 0.644350607546835,
        "F": [
          1.5,
          1.41873407940398e-36,
          0.0,
          0.817003832481511,
          0.81598964431021
        ]
      }
    }
  },
  "6": {
    "1": {
      "1": {
        "x": 0.338119784648296,
        "y": 0.167183843294888,
        "F": [
          1.6,
          5.12776006072182e-36,
          1.38777878078145e-17,
          0.791122440676049,
          0.790016775994762
        ]
      },
      "2": {
        "x": 1.2618802153517,
        "y": 0.167183843294888,
        "F": [
          1.6,
          1.37397916725096e-36,
          1.38777878078145e-17,
          0.791122440676049,
          0.790016775994762
        ]
      },
      "3": {
        "x": 0.338119784648296,
        "y": 0.623938597381162,
        "F": [
          1.6,
          5.12776006072182e-36,
          0.0,
          0.791122440676049,
          0.790016775994762
        ]
      },
      "4": {
        "x": 1.2618802153517,
        "y": 0.623938597381162,
        "F": [
          1.6,
          1.37397916725096e-36,
          0.0,
          0.791122440676049,
          0.790016775994762
        ]
      }
    }
  },
  "7": {
    "1": {
      "1": {
        "x": 0.359252271188815,
        "y": 0.162203824176221,
        "F": [
          1.7,
          4.91493183837867e-36,
          1.38777878078145e-17,
          0.767556737183853,
          0.766373696719631
        ]
      },
      "2": {
        "x": 1.34074772881119,
        "y": 0.162203824176221,
        "F": [
          1.7,
          1.31695201694756e-36,
          1.38777878078145e-17,
          0.767556737183853,
          0.766373696719631
        ]
      },
      "3": {
        "x": 0.359252271188815,
        "y": 0.605352913007632,
        "F": [
          1.7,
          4.91493183837867e-36,
          0.0,
          0.767556737183853,
          0.766373696719631
        ]
      },
      "4": {
        "x": 1.34074772881119,
        "y": 0.605352913007632,
        "F": [
          1.7,
          1.31695201694756e-36,
          0.0,
          0.767556737183853,
          0.766373696719631
        ]
      }
    }
  },
  "8": {
    "1": {
      "1": {
        "x": 0.380384757729333,
        "y": 0.157644289973503,
        "F": [
          1.8,
          4.68049695480095e-36,
          3.46944695195361e-17,
          0.745980789677746,
          0.7447317186218
        ]
      },
      "2": {
        "x": 1.41961524227067,
        "y": 0.157644289973503,
        "F": [
          1.8,
          1.25413537921523e-36,
          3.46944695195361e-17,
          0.745980789677746,
          0.7447317186218
        ]
      },
      "3": {
        "x": 0.380384757729333,
        "y": 0.588336499704243,